{"stats":{"minecraft:picked_up":{"minecraft:stick":1,"minecraft:acacia_log":4,"minecraft:acacia_sapling":1},"minecraft:dropped":{"minecraft:acacia_sapling":1,"minecraft:stick":1},"minecraft:mined":{"minecraft:acacia_log":1,"minecraft:short_grass":2},"minecraft:killed_by":{"minecraft:zombie":1,"minecraft:enderman":1},"minecraft:custom":{"minecraft:jump":66,"minecraft:time_since_rest":123,"minecraft:damage_dealt":70,"minecraft:deaths":2,"minecraft:play_time":2243,"minecraft:leave_game":3,"minecraft:sprint_one_cm":4220,"minecraft:damage_taken":515,"minecraft:time_since_death":0,"minecraft:walk_one_cm":3988,"minecraft:total_world_time":2243,"minecraft:fall_one_cm":836,"minecraft:drop":2,"minecraft:fly_one_cm":20778}},"DataVersion":3953}