{"stats":{"minecraft:picked_up":{"minecraft:acacia_log":6},"minecraft:mined":{"minecraft:acacia_log":1,"minecraft:short_grass":8},"minecraft:custom":{"minecraft:jump":167,"minecraft:time_since_rest":10606,"minecraft:damage_dealt":85,"minecraft:crouch_one_cm":14,"minecraft:play_time":10606,"minecraft:leave_game":3,"minecraft:sprint_one_cm":8142,"minecraft:damage_taken":170,"minecraft:time_since_death":10606,"minecraft:walk_one_cm":2820,"minecraft:sneak_time":128,"minecraft:total_world_time":10606,"minecraft:fall_one_cm":1312,"minecraft:fly_one_cm":110041},"minecraft:used":{"minecraft:netherite_axe":1}},"DataVersion":3953}