{"stats":{"minecraft:picked_up":{"minecraft:stick":6,"minecraft:wheat_seeds":1,"minecraft:acacia_log":36,"minecraft:acacia_sapling":6},"minecraft:dropped":{"minecraft:wheat_seeds":1},"minecraft:mined":{"minecraft:short_grass":2,"minecraft:acacia_log":3,"minecraft:tall_grass":1},"minecraft:custom":{"minecraft:time_since_rest":1304,"minecraft:crouch_one_cm":143,"minecraft:play_time":11932,"minecraft:sprint_one_cm":13952,"minecraft:deaths":2,"minecraft:damage_taken":30,"minecraft:walk_one_cm":8350,"minecraft:sneak_time":794,"minecraft:drop":1,"minecraft:jump":170,"minecraft:damage_dealt":40,"minecraft:leave_game":5,"minecraft:time_since_death":1278,"minecraft:total_world_time":11932,"minecraft:fall_one_cm":2296,"minecraft:fly_one_cm":370903},"minecraft:used":{"minecraft:crimson_sign":1,"minecraft:acacia_log":11,"minecraft:grass_block":3,"minecraft:netherite_axe":3,"minecraft:acacia_sapling":1}},"DataVersion":3953}